<?xml version="1.0" encoding="UTF-8"?>
<Picture>
	<PictureVariant name="b.png" screenDensity="bldpi"/>
	<PictureVariant name="b1.png" screenDensity="ldpi"/>
	<PictureVariant name="b11.png" screenDensity="aldpi"/>
	<PictureVariant name="b111.png" screenDensity="mdpi"/>
	<PictureVariant name="b1111.png" screenDensity="amdpi"/>
	<PictureVariant name="b11111.png" screenDensity="hdpi"/>
	<PictureVariant name="b111111.png" screenDensity="xdpi"/>
	<PictureVariant name="b1111111.png" screenDensity="udpi"/>
</Picture>