﻿<?xml version="1.0" encoding="UTF-8" standalone="yes"?>
<Picture>
	<PictureVariant name="85.png" screenDensity="bldpi" glyphWidth="10" glyphHeight="14"/>
	<PictureVariant name="100.png" screenDensity="ldpi" glyphWidth="12" glyphHeight="16"/>
	<PictureVariant name="125.png" screenDensity="aldpi" glyphWidth="15" glyphHeight="20"/>
	<PictureVariant name="150.png" screenDensity="mdpi" glyphWidth="18" glyphHeight="24"/>
	<PictureVariant name="175.png" screenDensity="amdpi" glyphWidth="21" glyphHeight="28"/>
	<PictureVariant name="200.png" screenDensity="hdpi" glyphWidth="24" glyphHeight="32"/>
	<PictureVariant name="300.png" screenDensity="xdpi" glyphWidth="36" glyphHeight="48"/>
	<PictureVariant name="400.png" screenDensity="udpi" glyphWidth="48" glyphHeight="64"/>
	<PictureVariant name="Picture.png" interfaceVariant="version8_2" screenDensity="ldpi" glyphWidth="16" glyphHeight="16"/>
	<PictureVariant name="Picture.png" interfaceVariant="version8_2_OrdinaryApp" screenDensity="ldpi" glyphWidth="16" glyphHeight="16"/>
</Picture>
