<?xml version="1.0" encoding="UTF-8"?>
<Picture>
	<PictureVariant name="hideshow83_85.png" screenDensity="bldpi" isTemplate="true"/>
	<PictureVariant name="hideshow83_100.png" screenDensity="ldpi" isTemplate="true"/>
	<PictureVariant name="hideshow83_125.png" screenDensity="aldpi" isTemplate="true"/>
	<PictureVariant name="hideshow83_150.png" screenDensity="mdpi" isTemplate="true"/>
	<PictureVariant name="hideshow83_200.png" screenDensity="hdpi" isTemplate="true"/>
	<PictureVariant name="hideshow83_300.png" screenDensity="xdpi" isTemplate="true"/>
	<PictureVariant name="hideshow83_400.png" screenDensity="udpi" isTemplate="true"/>
	<PictureVariant name="hideshow83.png" screenDensity="ldpi" isTemplate="true" interfaceVariant="taxiCompact"/>
	<PictureVariant name="hideshow.png" screenDensity="ldpi" interfaceVariant="version8_2"/>
</Picture>