﻿<?xml version="1.0" encoding="UTF-8" standalone="yes"?>
<Picture>
	<PictureVariant name="hideshow83_85.png" screenDensity="bldpi" glyphWidth="14" glyphHeight="14" isTemplate="true"/>
	<PictureVariant name="hideshow83_100.png" screenDensity="ldpi" glyphWidth="17" glyphHeight="17" isTemplate="true"/>
	<PictureVariant name="hideshow83_125.png" screenDensity="aldpi" glyphWidth="21" glyphHeight="21" isTemplate="true"/>
	<PictureVariant name="hideshow83_150.png" screenDensity="mdpi" glyphWidth="26" glyphHeight="26" isTemplate="true"/>
	<PictureVariant name="hideshow83_200.png" screenDensity="hdpi" glyphWidth="34" glyphHeight="34" isTemplate="true"/>
	<PictureVariant name="hideshow83_300.png" screenDensity="xdpi" glyphWidth="51" glyphHeight="51" isTemplate="true"/>
	<PictureVariant name="hideshow83_400.png" screenDensity="udpi" glyphWidth="68" glyphHeight="68" isTemplate="true"/>
	<PictureVariant name="hideshow83.png" interfaceVariant="taxiCompact" screenDensity="ldpi" glyphWidth="17" glyphHeight="17" isTemplate="true"/>
	<PictureVariant name="hideshow.png" interfaceVariant="version8_2" screenDensity="ldpi" glyphWidth="15" glyphHeight="15"/>
</Picture>
